Timestamp,Level,Scope,Message
18.09.2025 23:52:41,INFO,app,[init] (binance) –£—Å—Ç–∞–Ω–∞–≤–ª–∏–≤–∞–µ–º –ø–ª–µ—á–æ x80 –¥–ª—è SOL/USDT
18.09.2025 23:52:41,INFO,margin,[margin] –ü–ª–µ—á–æ —É—Å—Ç–∞–Ω–æ–≤–ª–µ–Ω–æ x80 –¥–ª—è SOL/USDT (TF 5m)
18.09.2025 23:52:41,INFO,app,[init] (binance) –£—Å—Ç–∞–Ω–∞–≤–ª–∏–≤–∞–µ–º –ø–ª–µ—á–æ x35 –¥–ª—è TON/USDT
18.09.2025 23:52:42,INFO,margin,[margin] –ü–ª–µ—á–æ —É—Å—Ç–∞–Ω–æ–≤–ª–µ–Ω–æ x35 –¥–ª—è TON/USDT (TF 5m)
18.09.2025 23:52:42,INFO,app,[init] (binance) –£—Å—Ç–∞–Ω–∞–≤–ª–∏–≤–∞–µ–º –ø–ª–µ—á–æ x90 –¥–ª—è ETH/USDT
18.09.2025 23:52:42,INFO,margin,[margin] –ü–ª–µ—á–æ —É—Å—Ç–∞–Ω–æ–≤–ª–µ–Ω–æ x90 –¥–ª—è ETH/USDT (TF 5m)
18.09.2025 23:52:43,INFO,app,[init] (binance) –£—Å—Ç–∞–Ω–∞–≤–ª–∏–≤–∞–µ–º –ø–ª–µ—á–æ x60 –¥–ª—è BNB/USDT
18.09.2025 23:52:43,INFO,margin,[margin] –ü–ª–µ—á–æ —É—Å—Ç–∞–Ω–æ–≤–ª–µ–Ω–æ x60 –¥–ª—è BNB/USDT (TF 5m)
18.09.2025 23:52:43,INFO,app,[init] (binance) –£—Å—Ç–∞–Ω–∞–≤–ª–∏–≤–∞–µ–º –ø–ª–µ—á–æ x80 –¥–ª—è XRP/USDT
18.09.2025 23:52:44,INFO,margin,[margin] –ü–ª–µ—á–æ —É—Å—Ç–∞–Ω–æ–≤–ª–µ–Ω–æ x80 –¥–ª—è XRP/USDT (TF 5m)
18.09.2025 23:52:44,INFO,app,[init] (binance) –£—Å—Ç–∞–Ω–∞–≤–ª–∏–≤–∞–µ–º –ø–ª–µ—á–æ x60 –¥–ª—è SUI/USDT
18.09.2025 23:52:44,INFO,margin,[margin] –ü–ª–µ—á–æ —É—Å—Ç–∞–Ω–æ–≤–ª–µ–Ω–æ x60 –¥–ª—è SUI/USDT (TF 5m)
18.09.2025 23:52:45,INFO,app,[init] (binance) –£—Å—Ç–∞–Ω–∞–≤–ª–∏–≤–∞–µ–º –ø–ª–µ—á–æ x60 –¥–ª—è LTC/USDT
18.09.2025 23:52:45,INFO,margin,[margin] –ü–ª–µ—á–æ —É—Å—Ç–∞–Ω–æ–≤–ª–µ–Ω–æ x60 –¥–ª—è LTC/USDT (TF 5m)
18.09.2025 23:52:45,DEBUG,telegram,"[SOL/USDT] ü§ñ BOT –ø–µ—Ä–µ–∑–∞–ø—É—â–µ–Ω
–ú–æ–Ω–µ—Ç–∞: SOL/USDT (BINANCE)
–ü–ª–µ—á–æ: x80
–¢–∞–π–º—Ñ—Ä–µ–π–º: 5m
–í—Ä–µ–º—è: 18.09.2025 23:52:45"
18.09.2025 23:52:46,DEBUG,telegramLogger,[TelegramLogger] –°–æ–æ–±—â–µ–Ω–∏–µ –æ—Ç–ø—Ä–∞–≤–ª–µ–Ω–æ –≤ —á–∞—Ç SOL/USDT (-1003093035789) topic=3
18.09.2025 23:52:46,DEBUG,telegram,"[TON/USDT] ü§ñ BOT –ø–µ—Ä–µ–∑–∞–ø—É—â–µ–Ω
–ú–æ–Ω–µ—Ç–∞: TON/USDT (BINANCE)
–ü–ª–µ—á–æ: x35
–¢–∞–π–º—Ñ—Ä–µ–π–º: 5m
–í—Ä–µ–º—è: 18.09.2025 23:52:45"
18.09.2025 23:52:46,DEBUG,telegramLogger,[TelegramLogger] –°–æ–æ–±—â–µ–Ω–∏–µ –æ—Ç–ø—Ä–∞–≤–ª–µ–Ω–æ –≤ —á–∞—Ç TON/USDT (-1003093035789) topic=11
18.09.2025 23:52:46,DEBUG,telegram,"[ETH/USDT] ü§ñ BOT –ø–µ—Ä–µ–∑–∞–ø—É—â–µ–Ω
–ú–æ–Ω–µ—Ç–∞: ETH/USDT (BINANCE)
–ü–ª–µ—á–æ: x90
–¢–∞–π–º—Ñ—Ä–µ–π–º: 5m
–í—Ä–µ–º—è: 18.09.2025 23:52:45"
18.09.2025 23:52:46,DEBUG,telegramLogger,[TelegramLogger] –°–æ–æ–±—â–µ–Ω–∏–µ –æ—Ç–ø—Ä–∞–≤–ª–µ–Ω–æ –≤ —á–∞—Ç ETH/USDT (-1003093035789) topic=10
18.09.2025 23:52:46,DEBUG,telegram,"[BNB/USDT] ü§ñ BOT –ø–µ—Ä–µ–∑–∞–ø—É—â–µ–Ω
–ú–æ–Ω–µ—Ç–∞: BNB/USDT (BINANCE)
–ü–ª–µ—á–æ: x60
–¢–∞–π–º—Ñ—Ä–µ–π–º: 5m
–í—Ä–µ–º—è: 18.09.2025 23:52:45"
18.09.2025 23:52:46,DEBUG,telegramLogger,[TelegramLogger] –°–æ–æ–±—â–µ–Ω–∏–µ –æ—Ç–ø—Ä–∞–≤–ª–µ–Ω–æ –≤ —á–∞—Ç BNB/USDT (-1003093035789) topic=9
18.09.2025 23:52:46,DEBUG,telegram,"[XRP/USDT] ü§ñ BOT –ø–µ—Ä–µ–∑–∞–ø—É—â–µ–Ω
–ú–æ–Ω–µ—Ç–∞: XRP/USDT (BINANCE)
–ü–ª–µ—á–æ: x80
–¢–∞–π–º—Ñ—Ä–µ–π–º: 5m
–í—Ä–µ–º—è: 18.09.2025 23:52:45"
18.09.2025 23:52:46,DEBUG,telegramLogger,[TelegramLogger] –°–æ–æ–±—â–µ–Ω–∏–µ –æ—Ç–ø—Ä–∞–≤–ª–µ–Ω–æ –≤ —á–∞—Ç XRP/USDT (-1003093035789) topic=8
18.09.2025 23:52:46,DEBUG,telegram,"[SUI/USDT] ü§ñ BOT –ø–µ—Ä–µ–∑–∞–ø—É—â–µ–Ω
–ú–æ–Ω–µ—Ç–∞: SUI/USDT (BINANCE)
–ü–ª–µ—á–æ: x60
–¢–∞–π–º—Ñ—Ä–µ–π–º: 5m
–í—Ä–µ–º—è: 18.09.2025 23:52:45"
18.09.2025 23:52:51,DEBUG,telegramLogger,[TelegramLogger] –°–æ–æ–±—â–µ–Ω–∏–µ –æ—Ç–ø—Ä–∞–≤–ª–µ–Ω–æ –≤ —á–∞—Ç SUI/USDT (-1003093035789) topic=7
18.09.2025 23:52:51,DEBUG,telegram,"[LTC/USDT] ü§ñ BOT –ø–µ—Ä–µ–∑–∞–ø—É—â–µ–Ω
–ú–æ–Ω–µ—Ç–∞: LTC/USDT (BINANCE)
–ü–ª–µ—á–æ: x60
–¢–∞–π–º—Ñ—Ä–µ–π–º: 5m
–í—Ä–µ–º—è: 18.09.2025 23:52:45"
18.09.2025 23:52:51,DEBUG,telegramLogger,[TelegramLogger] –°–æ–æ–±—â–µ–Ω–∏–µ –æ—Ç–ø—Ä–∞–≤–ª–µ–Ω–æ –≤ —á–∞—Ç LTC/USDT (-1003093035789) topic=6
18.09.2025 23:52:55,INFO,fib,"[fibLevels] –°–Ω—è—Ç–∏–µ —É—Ä–æ–≤–Ω–µ–π –¥–ª—è SOL/USDT –Ω–∞ 5m, 15m, 30m, 1h, 4h"
18.09.2025 23:52:59,INFO,fib,"[fibLevels] –°–Ω—è—Ç–∏–µ —É—Ä–æ–≤–Ω–µ–π –¥–ª—è TON/USDT –Ω–∞ 5m, 15m, 30m, 1h, 4h"
18.09.2025 23:53:03,INFO,fib,"[fibLevels] –°–Ω—è—Ç–∏–µ —É—Ä–æ–≤–Ω–µ–π –¥–ª—è ETH/USDT –Ω–∞ 5m, 15m, 30m, 1h, 4h"
18.09.2025 23:53:07,INFO,fib,"[fibLevels] –°–Ω—è—Ç–∏–µ —É—Ä–æ–≤–Ω–µ–π –¥–ª—è BNB/USDT –Ω–∞ 5m, 15m, 30m, 1h, 4h"
18.09.2025 23:53:11,INFO,fib,"[fibLevels] –°–Ω—è—Ç–∏–µ —É—Ä–æ–≤–Ω–µ–π –¥–ª—è XRP/USDT –Ω–∞ 5m, 15m, 30m, 1h, 4h"
18.09.2025 23:57:24,INFO,app,[init] (binance) –£—Å—Ç–∞–Ω–∞–≤–ª–∏–≤–∞–µ–º –ø–ª–µ—á–æ x80 –¥–ª—è SOL/USDT
18.09.2025 23:57:24,INFO,margin,[margin] –ü–ª–µ—á–æ —É—Å—Ç–∞–Ω–æ–≤–ª–µ–Ω–æ x80 –¥–ª—è SOL/USDT (TF 5m)
18.09.2025 23:57:24,INFO,app,[init] (binance) –£—Å—Ç–∞–Ω–∞–≤–ª–∏–≤–∞–µ–º –ø–ª–µ—á–æ x35 –¥–ª—è TON/USDT
18.09.2025 23:57:25,INFO,margin,[margin] –ü–ª–µ—á–æ —É—Å—Ç–∞–Ω–æ–≤–ª–µ–Ω–æ x35 –¥–ª—è TON/USDT (TF 5m)
18.09.2025 23:57:25,INFO,app,[init] (binance) –£—Å—Ç–∞–Ω–∞–≤–ª–∏–≤–∞–µ–º –ø–ª–µ—á–æ x90 –¥–ª—è ETH/USDT
18.09.2025 23:57:25,INFO,margin,[margin] –ü–ª–µ—á–æ —É—Å—Ç–∞–Ω–æ–≤–ª–µ–Ω–æ x90 –¥–ª—è ETH/USDT (TF 5m)
18.09.2025 23:57:26,INFO,app,[init] (binance) –£—Å—Ç–∞–Ω–∞–≤–ª–∏–≤–∞–µ–º –ø–ª–µ—á–æ x60 –¥–ª—è BNB/USDT
18.09.2025 23:57:26,INFO,margin,[margin] –ü–ª–µ—á–æ —É—Å—Ç–∞–Ω–æ–≤–ª–µ–Ω–æ x60 –¥–ª—è BNB/USDT (TF 5m)
18.09.2025 23:57:27,INFO,app,[init] (binance) –£—Å—Ç–∞–Ω–∞–≤–ª–∏–≤–∞–µ–º –ø–ª–µ—á–æ x80 –¥–ª—è XRP/USDT
18.09.2025 23:57:27,INFO,margin,[margin] –ü–ª–µ—á–æ —É—Å—Ç–∞–Ω–æ–≤–ª–µ–Ω–æ x80 –¥–ª—è XRP/USDT (TF 5m)
18.09.2025 23:57:27,INFO,app,[init] (binance) –£—Å—Ç–∞–Ω–∞–≤–ª–∏–≤–∞–µ–º –ø–ª–µ—á–æ x60 –¥–ª—è SUI/USDT
18.09.2025 23:57:28,INFO,margin,[margin] –ü–ª–µ—á–æ —É—Å—Ç–∞–Ω–æ–≤–ª–µ–Ω–æ x60 –¥–ª—è SUI/USDT (TF 5m)
18.09.2025 23:57:28,INFO,app,[init] (binance) –£—Å—Ç–∞–Ω–∞–≤–ª–∏–≤–∞–µ–º –ø–ª–µ—á–æ x60 –¥–ª—è LTC/USDT
18.09.2025 23:57:28,INFO,margin,[margin] –ü–ª–µ—á–æ —É—Å—Ç–∞–Ω–æ–≤–ª–µ–Ω–æ x60 –¥–ª—è LTC/USDT (TF 5m)
18.09.2025 23:57:29,DEBUG,telegram,"[SOL/USDT] ü§ñ BOT –ø–µ—Ä–µ–∑–∞–ø—É—â–µ–Ω
–ú–æ–Ω–µ—Ç–∞: SOL/USDT (BINANCE)
–ü–ª–µ—á–æ: x80
–¢–∞–π–º—Ñ—Ä–µ–π–º: 5m
–í—Ä–µ–º—è: 18.09.2025 23:57:29"
18.09.2025 23:57:29,DEBUG,telegramLogger,[TelegramLogger] –°–æ–æ–±—â–µ–Ω–∏–µ –æ—Ç–ø—Ä–∞–≤–ª–µ–Ω–æ –≤ —á–∞—Ç SOL/USDT (-1003093035789) topic=3
18.09.2025 23:57:29,DEBUG,telegram,"[TON/USDT] ü§ñ BOT –ø–µ—Ä–µ–∑–∞–ø—É—â–µ–Ω
–ú–æ–Ω–µ—Ç–∞: TON/USDT (BINANCE)
–ü–ª–µ—á–æ: x35
–¢–∞–π–º—Ñ—Ä–µ–π–º: 5m
–í—Ä–µ–º—è: 18.09.2025 23:57:29"
18.09.2025 23:57:29,DEBUG,telegramLogger,[TelegramLogger] –°–æ–æ–±—â–µ–Ω–∏–µ –æ—Ç–ø—Ä–∞–≤–ª–µ–Ω–æ –≤ —á–∞—Ç TON/USDT (-1003093035789) topic=11
18.09.2025 23:57:29,DEBUG,telegram,"[ETH/USDT] ü§ñ BOT –ø–µ—Ä–µ–∑–∞–ø—É—â–µ–Ω
–ú–æ–Ω–µ—Ç–∞: ETH/USDT (BINANCE)
–ü–ª–µ—á–æ: x90
–¢–∞–π–º—Ñ—Ä–µ–π–º: 5m
–í—Ä–µ–º—è: 18.09.2025 23:57:29"
18.09.2025 23:57:29,DEBUG,telegramLogger,[TelegramLogger] –°–æ–æ–±—â–µ–Ω–∏–µ –æ—Ç–ø—Ä–∞–≤–ª–µ–Ω–æ –≤ —á–∞—Ç ETH/USDT (-1003093035789) topic=10
18.09.2025 23:57:29,DEBUG,telegram,"[BNB/USDT] ü§ñ BOT –ø–µ—Ä–µ–∑–∞–ø—É—â–µ–Ω
–ú–æ–Ω–µ—Ç–∞: BNB/USDT (BINANCE)
–ü–ª–µ—á–æ: x60
–¢–∞–π–º—Ñ—Ä–µ–π–º: 5m
–í—Ä–µ–º—è: 18.09.2025 23:57:29"
18.09.2025 23:57:29,DEBUG,telegramLogger,[TelegramLogger] –°–æ–æ–±—â–µ–Ω–∏–µ –æ—Ç–ø—Ä–∞–≤–ª–µ–Ω–æ –≤ —á–∞—Ç BNB/USDT (-1003093035789) topic=9
18.09.2025 23:57:29,DEBUG,telegram,"[XRP/USDT] ü§ñ BOT –ø–µ—Ä–µ–∑–∞–ø—É—â–µ–Ω
–ú–æ–Ω–µ—Ç–∞: XRP/USDT (BINANCE)
–ü–ª–µ—á–æ: x80
–¢–∞–π–º—Ñ—Ä–µ–π–º: 5m
–í—Ä–µ–º—è: 18.09.2025 23:57:29"
18.09.2025 23:57:29,DEBUG,telegramLogger,[TelegramLogger] –°–æ–æ–±—â–µ–Ω–∏–µ –æ—Ç–ø—Ä–∞–≤–ª–µ–Ω–æ –≤ —á–∞—Ç XRP/USDT (-1003093035789) topic=8
18.09.2025 23:57:29,DEBUG,telegram,"[SUI/USDT] ü§ñ BOT –ø–µ—Ä–µ–∑–∞–ø—É—â–µ–Ω
–ú–æ–Ω–µ—Ç–∞: SUI/USDT (BINANCE)
–ü–ª–µ—á–æ: x60
–¢–∞–π–º—Ñ—Ä–µ–π–º: 5m
–í—Ä–µ–º—è: 18.09.2025 23:57:29"
18.09.2025 23:57:37,DEBUG,telegramLogger,[TelegramLogger] –°–æ–æ–±—â–µ–Ω–∏–µ –æ—Ç–ø—Ä–∞–≤–ª–µ–Ω–æ –≤ —á–∞—Ç SUI/USDT (-1003093035789) topic=7
18.09.2025 23:57:37,DEBUG,telegram,"[LTC/USDT] ü§ñ BOT –ø–µ—Ä–µ–∑–∞–ø—É—â–µ–Ω
–ú–æ–Ω–µ—Ç–∞: LTC/USDT (BINANCE)
–ü–ª–µ—á–æ: x60
–¢–∞–π–º—Ñ—Ä–µ–π–º: 5m
–í—Ä–µ–º—è: 18.09.2025 23:57:29"
18.09.2025 23:57:37,DEBUG,telegramLogger,[TelegramLogger] –°–æ–æ–±—â–µ–Ω–∏–µ –æ—Ç–ø—Ä–∞–≤–ª–µ–Ω–æ –≤ —á–∞—Ç LTC/USDT (-1003093035789) topic=6
18.09.2025 23:57:41,INFO,fib,"[fibLevels] –°–Ω—è—Ç–∏–µ —É—Ä–æ–≤–Ω–µ–π –¥–ª—è SOL/USDT –Ω–∞ 5m, 15m, 30m, 1h, 4h"
18.09.2025 23:57:44,INFO,fib,"[fibLevels] –°–Ω—è—Ç–∏–µ —É—Ä–æ–≤–Ω–µ–π –¥–ª—è TON/USDT –Ω–∞ 5m, 15m, 30m, 1h, 4h"
18.09.2025 23:57:48,INFO,fib,"[fibLevels] –°–Ω—è—Ç–∏–µ —É—Ä–æ–≤–Ω–µ–π –¥–ª—è ETH/USDT –Ω–∞ 5m, 15m, 30m, 1h, 4h"
18.09.2025 23:57:52,INFO,fib,"[fibLevels] –°–Ω—è—Ç–∏–µ —É—Ä–æ–≤–Ω–µ–π –¥–ª—è BNB/USDT –Ω–∞ 5m, 15m, 30m, 1h, 4h"
18.09.2025 23:57:56,INFO,fib,"[fibLevels] –°–Ω—è—Ç–∏–µ —É—Ä–æ–≤–Ω–µ–π –¥–ª—è XRP/USDT –Ω–∞ 5m, 15m, 30m, 1h, 4h"
18.09.2025 23:58:01,INFO,fib,"[fibLevels] –°–Ω—è—Ç–∏–µ —É—Ä–æ–≤–Ω–µ–π –¥–ª—è SUI/USDT –Ω–∞ 5m, 15m, 30m, 1h, 4h"
18.09.2025 23:58:05,INFO,fib,"[fibLevels] –°–Ω—è—Ç–∏–µ —É—Ä–æ–≤–Ω–µ–π –¥–ª—è LTC/USDT –Ω–∞ 5m, 15m, 30m, 1h, 4h"
19.09.2025 23:28:28,WARN,telegramLogger,[TelegramLogger] TELEGRAM_BOT_TOKEN –Ω–µ –∑–∞–¥–∞–Ω. –°–æ–æ–±—â–µ–Ω–∏—è –≤ Telegram –æ—Ç–ø—Ä–∞–≤–ª—è—Ç—å—Å—è –Ω–µ –±—É–¥—É—Ç.
19.09.2025 23:29:45,WARN,telegramLogger,[TelegramLogger] TELEGRAM_BOT_TOKEN –Ω–µ –∑–∞–¥–∞–Ω. –°–æ–æ–±—â–µ–Ω–∏—è –≤ Telegram –æ—Ç–ø—Ä–∞–≤–ª—è—Ç—å—Å—è –Ω–µ –±—É–¥—É—Ç.
19.09.2025 23:29:58,WARN,telegramLogger,[TelegramLogger] TELEGRAM_BOT_TOKEN –Ω–µ –∑–∞–¥–∞–Ω. –°–æ–æ–±—â–µ–Ω–∏—è –≤ Telegram –æ—Ç–ø—Ä–∞–≤–ª—è—Ç—å—Å—è –Ω–µ –±—É–¥—É—Ç.
19.09.2025 23:32:14,WARN,telegramLogger,[TelegramLogger] TELEGRAM_BOT_TOKEN –Ω–µ –∑–∞–¥–∞–Ω. –°–æ–æ–±—â–µ–Ω–∏—è –≤ Telegram –æ—Ç–ø—Ä–∞–≤–ª—è—Ç—å—Å—è –Ω–µ –±—É–¥—É—Ç.
20.09.2025 00:08:31,WARN,telegramLogger,[TelegramLogger] TELEGRAM_BOT_TOKEN –Ω–µ –∑–∞–¥–∞–Ω. –°–æ–æ–±—â–µ–Ω–∏—è –≤ Telegram –æ—Ç–ø—Ä–∞–≤–ª—è—Ç—å—Å—è –Ω–µ –±—É–¥—É—Ç.
20.09.2025 00:30:58,INFO,app,[init] (binance) –£—Å—Ç–∞–Ω–∞–≤–ª–∏–≤–∞–µ–º –ø–ª–µ—á–æ x80 –¥–ª—è SOL/USDT
20.09.2025 00:30:59,INFO,margin,[margin] –ü–ª–µ—á–æ —É—Å—Ç–∞–Ω–æ–≤–ª–µ–Ω–æ x80 –¥–ª—è SOL/USDT (TF 5m)
20.09.2025 00:30:59,INFO,app,[init] (binance) –£—Å—Ç–∞–Ω–∞–≤–ª–∏–≤–∞–µ–º –ø–ª–µ—á–æ x35 –¥–ª—è TON/USDT
20.09.2025 00:30:59,INFO,margin,[margin] –ü–ª–µ—á–æ —É—Å—Ç–∞–Ω–æ–≤–ª–µ–Ω–æ x35 –¥–ª—è TON/USDT (TF 5m)
20.09.2025 00:31:00,INFO,app,[init] (binance) –£—Å—Ç–∞–Ω–∞–≤–ª–∏–≤–∞–µ–º –ø–ª–µ—á–æ x90 –¥–ª—è ETH/USDT
20.09.2025 00:31:00,INFO,margin,[margin] –ü–ª–µ—á–æ —É—Å—Ç–∞–Ω–æ–≤–ª–µ–Ω–æ x90 –¥–ª—è ETH/USDT (TF 5m)
20.09.2025 00:31:00,INFO,app,[init] (binance) –£—Å—Ç–∞–Ω–∞–≤–ª–∏–≤–∞–µ–º –ø–ª–µ—á–æ x60 –¥–ª—è BNB/USDT
20.09.2025 00:31:01,INFO,margin,[margin] –ü–ª–µ—á–æ —É—Å—Ç–∞–Ω–æ–≤–ª–µ–Ω–æ x60 –¥–ª—è BNB/USDT (TF 5m)
20.09.2025 00:31:01,INFO,app,[init] (binance) –£—Å—Ç–∞–Ω–∞–≤–ª–∏–≤–∞–µ–º –ø–ª–µ—á–æ x80 –¥–ª—è XRP/USDT
20.09.2025 00:31:02,INFO,margin,[margin] –ü–ª–µ—á–æ —É—Å—Ç–∞–Ω–æ–≤–ª–µ–Ω–æ x80 –¥–ª—è XRP/USDT (TF 5m)
20.09.2025 00:31:02,INFO,app,[init] (binance) –£—Å—Ç–∞–Ω–∞–≤–ª–∏–≤–∞–µ–º –ø–ª–µ—á–æ x60 –¥–ª—è SUI/USDT
20.09.2025 00:31:02,INFO,margin,[margin] –ü–ª–µ—á–æ —É—Å—Ç–∞–Ω–æ–≤–ª–µ–Ω–æ x60 –¥–ª—è SUI/USDT (TF 5m)
20.09.2025 00:31:03,INFO,app,[init] (binance) –£—Å—Ç–∞–Ω–∞–≤–ª–∏–≤–∞–µ–º –ø–ª–µ—á–æ x60 –¥–ª—è LTC/USDT
20.09.2025 00:31:03,INFO,margin,[margin] –ü–ª–µ—á–æ —É—Å—Ç–∞–Ω–æ–≤–ª–µ–Ω–æ x60 –¥–ª—è LTC/USDT (TF 5m)
20.09.2025 00:31:03,DEBUG,telegram,"[SOL/USDT] ü§ñ BOT –ø–µ—Ä–µ–∑–∞–ø—É—â–µ–Ω
–ú–æ–Ω–µ—Ç–∞: SOL/USDT (BINANCE)
–ü–ª–µ—á–æ: x80
–¢–∞–π–º—Ñ—Ä–µ–π–º: 5m
–í—Ä–µ–º—è: 20.09.2025 00:31:03"
20.09.2025 00:31:04,DEBUG,telegramLogger,[TelegramLogger] –°–æ–æ–±—â–µ–Ω–∏–µ –æ—Ç–ø—Ä–∞–≤–ª–µ–Ω–æ –≤ —á–∞—Ç SOL/USDT (-1003093035789) topic=3
20.09.2025 00:31:04,DEBUG,telegram,"[TON/USDT] ü§ñ BOT –ø–µ—Ä–µ–∑–∞–ø—É—â–µ–Ω
–ú–æ–Ω–µ—Ç–∞: TON/USDT (BINANCE)
–ü–ª–µ—á–æ: x35
–¢–∞–π–º—Ñ—Ä–µ–π–º: 5m
–í—Ä–µ–º—è: 20.09.2025 00:31:03"
20.09.2025 00:31:04,DEBUG,telegramLogger,[TelegramLogger] –°–æ–æ–±—â–µ–Ω–∏–µ –æ—Ç–ø—Ä–∞–≤–ª–µ–Ω–æ –≤ —á–∞—Ç TON/USDT (-1003093035789) topic=11
20.09.2025 00:31:04,DEBUG,telegram,"[ETH/USDT] ü§ñ BOT –ø–µ—Ä–µ–∑–∞–ø—É—â–µ–Ω
–ú–æ–Ω–µ—Ç–∞: ETH/USDT (BINANCE)
–ü–ª–µ—á–æ: x90
–¢–∞–π–º—Ñ—Ä–µ–π–º: 5m
–í—Ä–µ–º—è: 20.09.2025 00:31:03"
20.09.2025 00:31:05,DEBUG,telegramLogger,[TelegramLogger] –°–æ–æ–±—â–µ–Ω–∏–µ –æ—Ç–ø—Ä–∞–≤–ª–µ–Ω–æ –≤ —á–∞—Ç ETH/USDT (-1003093035789) topic=10
20.09.2025 00:31:05,DEBUG,telegram,"[BNB/USDT] ü§ñ BOT –ø–µ—Ä–µ–∑–∞–ø—É—â–µ–Ω
–ú–æ–Ω–µ—Ç–∞: BNB/USDT (BINANCE)
–ü–ª–µ—á–æ: x60
–¢–∞–π–º—Ñ—Ä–µ–π–º: 5m
–í—Ä–µ–º—è: 20.09.2025 00:31:03"
20.09.2025 00:31:05,DEBUG,telegramLogger,[TelegramLogger] –°–æ–æ–±—â–µ–Ω–∏–µ –æ—Ç–ø—Ä–∞–≤–ª–µ–Ω–æ –≤ —á–∞—Ç BNB/USDT (-1003093035789) topic=9
20.09.2025 00:31:05,DEBUG,telegram,"[XRP/USDT] ü§ñ BOT –ø–µ—Ä–µ–∑–∞–ø—É—â–µ–Ω
–ú–æ–Ω–µ—Ç–∞: XRP/USDT (BINANCE)
–ü–ª–µ—á–æ: x80
–¢–∞–π–º—Ñ—Ä–µ–π–º: 5m
–í—Ä–µ–º—è: 20.09.2025 00:31:03"
20.09.2025 00:31:05,DEBUG,telegramLogger,[TelegramLogger] –°–æ–æ–±—â–µ–Ω–∏–µ –æ—Ç–ø—Ä–∞–≤–ª–µ–Ω–æ –≤ —á–∞—Ç XRP/USDT (-1003093035789) topic=8
20.09.2025 00:31:05,DEBUG,telegram,"[SUI/USDT] ü§ñ BOT –ø–µ—Ä–µ–∑–∞–ø—É—â–µ–Ω
–ú–æ–Ω–µ—Ç–∞: SUI/USDT (BINANCE)
–ü–ª–µ—á–æ: x60
–¢–∞–π–º—Ñ—Ä–µ–π–º: 5m
–í—Ä–µ–º—è: 20.09.2025 00:31:03"
20.09.2025 00:31:09,DEBUG,telegramLogger,[TelegramLogger] –°–æ–æ–±—â–µ–Ω–∏–µ –æ—Ç–ø—Ä–∞–≤–ª–µ–Ω–æ –≤ —á–∞—Ç SUI/USDT (-1003093035789) topic=7
20.09.2025 00:31:09,DEBUG,telegram,"[LTC/USDT] ü§ñ BOT –ø–µ—Ä–µ–∑–∞–ø—É—â–µ–Ω
–ú–æ–Ω–µ—Ç–∞: LTC/USDT (BINANCE)
–ü–ª–µ—á–æ: x60
–¢–∞–π–º—Ñ—Ä–µ–π–º: 5m
–í—Ä–µ–º—è: 20.09.2025 00:31:03"
20.09.2025 00:31:09,DEBUG,telegramLogger,[TelegramLogger] –°–æ–æ–±—â–µ–Ω–∏–µ –æ—Ç–ø—Ä–∞–≤–ª–µ–Ω–æ –≤ —á–∞—Ç LTC/USDT (-1003093035789) topic=6
20.09.2025 00:31:13,INFO,fib,"[fibLevels] –°–Ω—è—Ç–∏–µ —É—Ä–æ–≤–Ω–µ–π –¥–ª—è SOL/USDT –Ω–∞ 5m, 15m, 30m, 1h, 4h"
20.09.2025 00:31:17,INFO,fib,"[fibLevels] –°–Ω—è—Ç–∏–µ —É—Ä–æ–≤–Ω–µ–π –¥–ª—è TON/USDT –Ω–∞ 5m, 15m, 30m, 1h, 4h"
20.09.2025 00:31:21,INFO,fib,"[fibLevels] –°–Ω—è—Ç–∏–µ —É—Ä–æ–≤–Ω–µ–π –¥–ª—è ETH/USDT –Ω–∞ 5m, 15m, 30m, 1h, 4h"
20.09.2025 00:31:25,INFO,fib,"[fibLevels] –°–Ω—è—Ç–∏–µ —É—Ä–æ–≤–Ω–µ–π –¥–ª—è BNB/USDT –Ω–∞ 5m, 15m, 30m, 1h, 4h"
20.09.2025 00:31:29,INFO,fib,"[fibLevels] –°–Ω—è—Ç–∏–µ —É—Ä–æ–≤–Ω–µ–π –¥–ª—è XRP/USDT –Ω–∞ 5m, 15m, 30m, 1h, 4h"
20.09.2025 01:32:15,WARN,telegramLogger,[TelegramLogger] TELEGRAM_BOT_TOKEN –Ω–µ –∑–∞–¥–∞–Ω. –°–æ–æ–±—â–µ–Ω–∏—è –≤ Telegram –æ—Ç–ø—Ä–∞–≤–ª—è—Ç—å—Å—è –Ω–µ –±—É–¥—É—Ç.
20.09.2025 01:33:33,WARN,telegramLogger,[TelegramLogger] TELEGRAM_BOT_TOKEN –Ω–µ –∑–∞–¥–∞–Ω. –°–æ–æ–±—â–µ–Ω–∏—è –≤ Telegram –æ—Ç–ø—Ä–∞–≤–ª—è—Ç—å—Å—è –Ω–µ –±—É–¥—É—Ç.
21.09.2025 19:24:50,WARN,telegramLogger,[TelegramLogger] TELEGRAM_BOT_TOKEN –Ω–µ –∑–∞–¥–∞–Ω. –°–æ–æ–±—â–µ–Ω–∏—è –≤ Telegram –æ—Ç–ø—Ä–∞–≤–ª—è—Ç—å—Å—è –Ω–µ –±—É–¥—É—Ç.
21.09.2025 19:25:13,REJECT,SOL/USDT,"–°–∏–≥–Ω–∞–ª –Ω–µ –ø–æ–¥—Ç–≤–µ—Ä–∂–¥—ë–Ω ‚Äî –≤—Ö–æ–¥ –æ—Ç–º–µ–Ω—ë–Ω | Fibo:
  L‚ÜíH[1500] L=237.54, H=239.80, range=2.2600
  Levels:
    [31müéØ üü• # [0] 237.54 –º–æ–ª—é—Å—å —É–¥–µ—Ä–∂–∏—Å—å[0m
    [36m[0.236] 238.07[0m
    [32m[0.382] 238.40[0m
    [33m[0.5] 238.67[0m
    [33m[1müü† [0.618] 238.94[0m[0m
    [31m[1müü° # [0.786] 239.32 –º–æ–ª—é—Å—å —Ä–∞–∑–≤–µ—Ä–Ω–∏—Å—å[0m[0m
    [34müü¶ [1] 239.80[0m
    [35m[1.272] 240.41[0m
    [35m[1.414] 240.74[0m
    [35m# [1.618] 241.20 –ø–æ —à—Ç–∞–Ω–∞–º –ø–æ—Ç–µ–∫–ª–æ[0m"
21.09.2025 19:48:25,WARN,telegramLogger,[TelegramLogger] TELEGRAM_BOT_TOKEN –Ω–µ –∑–∞–¥–∞–Ω. –°–æ–æ–±—â–µ–Ω–∏—è –≤ Telegram –æ—Ç–ø—Ä–∞–≤–ª—è—Ç—å—Å—è –Ω–µ –±—É–¥—É—Ç.
21.09.2025 19:50:57,WARN,telegramLogger,[TelegramLogger] TELEGRAM_BOT_TOKEN –Ω–µ –∑–∞–¥–∞–Ω. –°–æ–æ–±—â–µ–Ω–∏—è –≤ Telegram –æ—Ç–ø—Ä–∞–≤–ª—è—Ç—å—Å—è –Ω–µ –±—É–¥—É—Ç.
21.09.2025 20:33:29,WARN,telegramLogger,[TelegramLogger] TELEGRAM_BOT_TOKEN –Ω–µ –∑–∞–¥–∞–Ω. –°–æ–æ–±—â–µ–Ω–∏—è –≤ Telegram –æ—Ç–ø—Ä–∞–≤–ª—è—Ç—å—Å—è –Ω–µ –±—É–¥—É—Ç.
21.09.2025 21:06:43,WARN,telegramLogger,[TelegramLogger] TELEGRAM_BOT_TOKEN –Ω–µ –∑–∞–¥–∞–Ω. –°–æ–æ–±—â–µ–Ω–∏—è –≤ Telegram –æ—Ç–ø—Ä–∞–≤–ª—è—Ç—å—Å—è –Ω–µ –±—É–¥—É—Ç.
21.09.2025 21:09:49,REJECT,SOL/USDT,"–°–∏–≥–Ω–∞–ª –Ω–µ –ø–æ–¥—Ç–≤–µ—Ä–∂–¥—ë–Ω ‚Äî –≤—Ö–æ–¥ –æ—Ç–º–µ–Ω—ë–Ω | Fibo:
  L‚ÜíH[1500] L=236.11, H=237.25, range=1.1400
  Levels:
    [32müéØ [0.382] 237.51[0m
    [33m[0.5] 237.94[0m
    [33m[1müü† [0.618] 238.37[0m[0m
    [31m[1müü° # [0.786] 238.99 –º–æ–ª—é—Å—å —Ä–∞–∑–≤–µ—Ä–Ω–∏—Å—å[0m[0m
    [34müü¶ [1] 239.77[0m
    [35m[1.272] 240.76[0m
    [35m[1.414] 241.28[0m
    [35m# [1.618] 242.03 –ø–æ —à—Ç–∞–Ω–∞–º –ø–æ—Ç–µ–∫–ª–æ[0m
    [31müü• # [0] 236.11 –º–æ–ª—é—Å—å —É–¥–µ—Ä–∂–∏—Å—å[0m
    [36m[0.236] 236.97[0m"
21.09.2025 22:07:43,INFO,fib,"[fibLevels] –°–Ω—è—Ç–∏–µ —É—Ä–æ–≤–Ω–µ–π –¥–ª—è SOL/USDT –Ω–∞ 5m, 15m, 30m, 1h, 4h"
21.09.2025 22:07:43,INFO,fib,"[fibLevels] –°–Ω—è—Ç–∏–µ —É—Ä–æ–≤–Ω–µ–π –¥–ª—è TON/USDT –Ω–∞ 5m, 15m, 30m, 1h, 4h"
21.09.2025 22:07:43,INFO,fib,"[fibLevels] –°–Ω—è—Ç–∏–µ —É—Ä–æ–≤–Ω–µ–π –¥–ª—è ETH/USDT –Ω–∞ 5m, 15m, 30m, 1h, 4h"
21.09.2025 22:07:43,INFO,fib,"[fibLevels] –°–Ω—è—Ç–∏–µ —É—Ä–æ–≤–Ω–µ–π –¥–ª—è BNB/USDT –Ω–∞ 5m, 15m, 30m, 1h, 4h"
21.09.2025 22:07:43,INFO,fib,"[fibLevels] –°–Ω—è—Ç–∏–µ —É—Ä–æ–≤–Ω–µ–π –¥–ª—è XRP/USDT –Ω–∞ 5m, 15m, 30m, 1h, 4h"
21.09.2025 22:07:43,INFO,fib,"[fibLevels] –°–Ω—è—Ç–∏–µ —É—Ä–æ–≤–Ω–µ–π –¥–ª—è SUI/USDT –Ω–∞ 5m, 15m, 30m, 1h, 4h"
21.09.2025 22:07:43,INFO,fib,"[fibLevels] –°–Ω—è—Ç–∏–µ —É—Ä–æ–≤–Ω–µ–π –¥–ª—è LTC/USDT –Ω–∞ 5m, 15m, 30m, 1h, 4h"
21.09.2025 22:15:23,WARN,telegramLogger,[TelegramLogger] TELEGRAM_BOT_TOKEN –Ω–µ –∑–∞–¥–∞–Ω. –°–æ–æ–±—â–µ–Ω–∏—è –≤ Telegram –æ—Ç–ø—Ä–∞–≤–ª—è—Ç—å—Å—è –Ω–µ –±—É–¥—É—Ç.
21.09.2025 22:26:08,INFO,fib,"[fibLevels] –°–Ω—è—Ç–∏–µ —É—Ä–æ–≤–Ω–µ–π –¥–ª—è SOL/USDT –Ω–∞ 5m, 15m, 30m, 1h, 4h"
21.09.2025 22:26:08,INFO,fib,"[fibLevels] –°–Ω—è—Ç–∏–µ —É—Ä–æ–≤–Ω–µ–π –¥–ª—è TON/USDT –Ω–∞ 5m, 15m, 30m, 1h, 4h"
21.09.2025 22:26:08,INFO,fib,"[fibLevels] –°–Ω—è—Ç–∏–µ —É—Ä–æ–≤–Ω–µ–π –¥–ª—è ETH/USDT –Ω–∞ 5m, 15m, 30m, 1h, 4h"
21.09.2025 22:26:08,INFO,fib,"[fibLevels] –°–Ω—è—Ç–∏–µ —É—Ä–æ–≤–Ω–µ–π –¥–ª—è BNB/USDT –Ω–∞ 5m, 15m, 30m, 1h, 4h"
21.09.2025 22:26:08,INFO,fib,"[fibLevels] –°–Ω—è—Ç–∏–µ —É—Ä–æ–≤–Ω–µ–π –¥–ª—è XRP/USDT –Ω–∞ 5m, 15m, 30m, 1h, 4h"
21.09.2025 22:26:08,INFO,fib,"[fibLevels] –°–Ω—è—Ç–∏–µ —É—Ä–æ–≤–Ω–µ–π –¥–ª—è SUI/USDT –Ω–∞ 5m, 15m, 30m, 1h, 4h"
21.09.2025 22:26:08,INFO,fib,"[fibLevels] –°–Ω—è—Ç–∏–µ —É—Ä–æ–≤–Ω–µ–π –¥–ª—è LTC/USDT –Ω–∞ 5m, 15m, 30m, 1h, 4h"
21.09.2025 22:32:30,WARN,telegramLogger,[TelegramLogger] TELEGRAM_BOT_TOKEN –Ω–µ –∑–∞–¥–∞–Ω. –°–æ–æ–±—â–µ–Ω–∏—è –≤ Telegram –æ—Ç–ø—Ä–∞–≤–ª—è—Ç—å—Å—è –Ω–µ –±—É–¥—É—Ç.
